Dataset,MAE_HYBRID,RMSE_HYBRID,R2_HYBRID
IBEX_35_Stock_Price_output,120.97875787306208,147.3662030948918,0.8515587403254257
