Dataset,MAE_LSTM,RMSE_LSTM,R2_LSTM
IBEX_35_Stock_Price_output,112.60176538275199,139.6788840119762,0.866641606205336
