Dataset,MAE_HYBRID,RMSE_HYBRID,R2_HYBRID
Euro_Stoxx_50_Stock_Price_output,45.94585271317828,57.86059428256577,0.8193566030508458
