Model,RMSE,MAE,R2
Ridge_Validation,705.9208101265223,549.3752940261019,0.44754352813079745
