Model,RMSE,MAE,R2
Ridge_Test,1204.1758433745092,817.893092509175,0.21714761747793776
