Model,RMSE_test,MAE_test,R2_test
RandomForest_Complet,464.7396562401153,384.4378285587221,-1.1641862760802115
