Model,RMSE_test,MAE_test,R2_test
RandomForest_Complet,215982.94808218058,384.4378285587221,-1.1641862760802115
