Model,RMSE_test,MAE_test,R2_test
RandomForest_Reducit,446.93961761609086,367.1521296169749,-1.0015796644370116
