Model,RMSE,MAE,R2
Ridge_Validation,126.00891243112196,108.43448885265495,0.8484378635369252
