Model,RMSE,MAE,R2
Ridge_Test,163.17510197997885,136.36140778722273,0.6462343989460024
