Dataset,MAE_HYBRID,RMSE_HYBRID,R2_HYBRID
Google_Stock_Price_output,3.320449712844122,4.307517422279683,0.9064592986643155
