Dataset,MAE_val,RMSE_val,R2_val,MAE_test,RMSE_test,R2_test
s&p500,5.3621672253034784,6.581230599983828,0.999570094232417,14.633308245550706,18.45163162992234,0.9957846284813416
