Dataset,MAE_val,RMSE_val,R2_val,MAE_test,RMSE_test,R2_test
s&p500,11.806705571110825,215.40443510703028,0.9979073443753608,59.79630218099628,4651.961360333687,0.9404177731766802
