Dataset,MAE_val,RMSE_val,R2_val,MAE_test,RMSE_test,R2_test
s&p500,11.806705571110825,14.676662941794033,0.9979073443753608,59.79630218099628,68.20528836046137,0.9404177731766802
