Dataset,MAE,RMSE,R2
Google_Stock_Price_output,3.3198365807911703,4.31531621812182,0.9061202796200137
