Dataset,MAE_val,RMSE_val,R2_val,MAE_test,RMSE_test,R2_test
indra,206.4843003630767,329.0135053336776,0.9722985088074221,554.0426621948244,703.2707953557355,0.8035930644498751
