Dataset,MAE_val,RMSE_val,R2_val,MAE_test,RMSE_test,R2_test
indra,264.10313593479253,396.1481219937713,0.959717612036449,646.2222664967719,790.9012019243946,0.7528536651792481
