Dataset,MAE_val,RMSE_val,R2_val,MAE_test,RMSE_test,R2_test
hang_seng,80.780323213861,10359.750429557656,0.9898871556555403,89.92695230445176,15549.999292591934,0.9916251770133858
