Dataset,MAE_val,RMSE_val,R2_val,MAE_test,RMSE_test,R2_test
hang_seng,87.98158167678659,110.61052593275404,0.9888591756236786,104.50097902630571,161.58842738854898,0.9860982876483783
