Dataset,MAE_LSTM,RMSE_LSTM,R2_LSTM
Amazon_Stock_Price_output,4.575225951179624,5.731635176923077,0.9283117853973454
