Dataset,MAE_HYBRID,RMSE_HYBRID,R2_HYBRID
Amazon_Stock_Price_output,4.528750963967942,5.748911848837264,0.9278789593850466
