Model,RMSE,MAE,R2
Ridge_Validation,7.648834431164881,6.280542533829301,0.834494012479614
