Model,RMSE,MAE,R2
Ridge_Test,12.647181051824838,10.0601883893404,0.5470434456403261
