Model,RMSE,MAE,R2
Ridge_Test,12.896945427553838,10.310366170469374,0.528330494821541
