Dataset,MAE,RMSE,R2
P&G_Stock_Price_output,2.141560320172992,2.676392030523436,0.6455875230825419
