Model,MSE,MAE,R2
Ridge_Test,32859.76026732166,153.13950463782606,0.5791328564545446
