Model,RMSE,MAE,R2
Ridge_Validation,132.49159012426472,114.95062313884311,0.828787611499937
