Model,MSE,MAE,R2
Ridge_Validation,17554.021453656158,114.95062313884311,0.828787611499937
