Model,RMSE,MAE,R2
Ridge_Test,181.27261311991302,153.13950463782606,0.5791328564545446
