Dataset,MAE_HYBRID,RMSE_HYBRID,R2_HYBRID
P&G_Stock_Price_output,3.013403257339719,3.5953399224386846,0.36042797275316063
