Dataset,MAE_LSTM,RMSE_LSTM,R2_LSTM,MAE_HYBRID,RMSE_HYBRID,R2_HYBRID
Google_Stock_Price_output,4.3533201943674396,5.412397288032543,0.8543364282458712,2.2545648537912673,2.863712463507078,0.9592215758592564
