Model,RMSE_test,MAE_test,R2_test
RandomForest_Complet,20.82691630226037,14.241128961879935,-0.0017766605985192196
