Model,RMSE_test,MAE_test,R2_test
RandomForest_Reducit,427.58499545948877,14.034482844251409,0.012485633209635805
