Model,RMSE_test,MAE_test,R2_test
RandomForest_Reducit,20.678128432222504,14.034482844251409,0.012485633209635805
