Model,RMSE_test,MAE_test,R2_test
RandomForest_Complet,433.7604426613587,14.241128961879935,-0.0017766605985192196
