Model,MSE,MAE,R2
Ridge_Test,1014024.2335923329,777.6753723889834,0.601409169137878
