Model,MSE,MAE,R2
Ridge_Validation,820100.379012554,660.2370614177797,0.7908576047006062
