Model,RMSE,MAE,R2
Ridge_Validation,401.0687704066454,316.67020870883226,0.500176993852203
