Model,RMSE,MAE,R2
Ridge_Test,5.2440784237999285,4.308411981958526,-0.5554396050311654
