Model,MSE,MAE,R2
Ridge_Test,27.50035851496394,4.308411981958526,-0.5554396050311654
