Model,MSE,MAE,R2
Ridge_Validation,18.128571227651552,3.4619027206465787,0.353294774996987
