Model,RMSE,MAE,R2
Ridge_Validation,4.257765990240839,3.4619027206465787,0.353294774996987
