Model,MSE,MAE,R2
Ridge_Test,1449686.700408029,813.4717211301873,0.2192366524575955
