Model,MSE,MAE,R2
Ridge_Validation,481409.45595596713,544.9218134334644,0.5395528717562674
