Model,RMSE,MAE,R2
Ridge_Validation,402.2567586194907,317.7246779265143,0.5091520308047487
