Model,RMSE,MAE,R2
Ridge_Test,468.39944561142124,402.39976268023526,-0.47657505661521404
