Model,RMSE,MAE,R2
Ridge_Test,388.02872028822287,319.23246186301304,-0.0270706175661084
