Model,MSE,MAE,R2
Ridge_Validation,57.35797323675937,6.222117174125491,0.8370113782916992
