Model,MSE,MAE,R2
Ridge_Test,166.33120136130185,10.310366170469374,0.528330494821541
