Model,RMSE,MAE,R2
Ridge_Validation,7.573504686521252,6.222117174125491,0.8370113782916992
