Model,RMSE,MAE,R2
Ridge_Validation,123.55944698483823,103.86522437313627,0.8432752746893741
