Model,RMSE_test,MAE_test,R2_test
RandomForest_Reducit,5.0548671613512015,3.254571063441123,0.6808084316628257
