Model,RMSE_test,MAE_test,R2_test
RandomForest_Complet,28.317243398415638,3.487725645389275,0.6462610436120124
