Model,RMSE_test,MAE_test,R2_test
RandomForest_Complet,5.3213948733781855,3.487725645389275,0.6462610436120124
