Model,RMSE_test,MAE_test,R2_test
RandomForest_Reducit,1105.67035713659,836.4639712581425,-0.4710565385918364
