Model,RMSE_test,MAE_test,R2_test
RandomForest_Reducit,1222506.9386505545,836.4639712581425,-0.4710565385918364
