Model,RMSE_test,MAE_test,R2_test
RandomForest_Complet,1140.3918889812362,867.4325279993664,-0.5648988501612242
