Dataset,MAE_val,RMSE_val,R2_val,MAE_test,RMSE_test,R2_test
euro_stoxx_50,18.673456086653076,24.62928249893146,0.9938037633835871,37.69718427387585,41.50233893835535,0.8848690069309286
