Model,RMSE,MAE,R2
Ridge_Test,5.118648346310972,4.212209849700646,-0.49910085328363674
