Model,RMSE,MAE,R2
Ridge_Validation,4.335090558786164,3.485129720498092,0.3535647613570374
