Model,RMSE,MAE,R2
Ridge_Validation,6.929484803144193,5.7540103667031985,0.4189724760627982
