Model,RMSE,MAE,R2
Ridge_Test,10.014960790264167,8.107708399661625,0.3247212684661268
