Model,RMSE,MAE,R2
Ridge_Validation,7.007008740779568,5.844718929930765,0.356264371979931
