Dataset,MAE,RMSE,R2
Amazon_Stock_Price_output,4.575225951179624,5.731635176923077,0.9283117853973454
