Model,RMSE,MAE,R2
Ridge_Test,9.923920579194045,8.026664670001175,0.33488983909211245
