Model,MSE,MAE,R2
Ridge_Test,98.48419966215107,8.026664670001175,0.33488983909211245
