Model,MSE,MAE,R2
Ridge_Validation,49.09817149336127,5.844718929930765,0.356264371979931
