Dataset,MAE_LSTM,RMSE_LSTM,R2_LSTM
Indra_Stock_Price_output,234.5538177490232,313.4665061548599,0.7486618790215587
