Dataset,MAE_HYBRID,RMSE_HYBRID,R2_HYBRID
Indra_Stock_Price_output,473.6909484863277,539.1289641583155,0.2565334967939369
