Model,RMSE_test,MAE_test,R2_test
RandomForest_Complet,247.6430469524377,8.047593011455328,0.7012761172935806
