Model,RMSE_test,MAE_test,R2_test
RandomForest_Reducit,228.43934155570676,7.293190477456778,0.7244409325753255
