Model,RMSE_test,MAE_test,R2_test
RandomForest_Complet,15.736678396422723,8.047593011455328,0.7012761172935806
