Model,RMSE_test,MAE_test,R2_test
RandomForest_Reducit,15.114209921650115,7.293190477456778,0.7244409325753255
