{
  "conv_filters": 32,
  "kernel_size": 5,
  "gru_units": 64,
  "dropout_rate": 0.30000000000000004,
  "l2_reg": 0.001,
  "dense_units": 64,
  "learning_rate": 0.006709934026096912
}