Dataset,MAE_val,RMSE_val,R2_val,MAE_test,RMSE_test,R2_test
ibex_35,37.980515597565564,2427.248605804574,0.992488415318533,165.65064428627446,179.889788498695,0.782294832467393
