Dataset,MAE_val,RMSE_val,R2_val,MAE_test,RMSE_test,R2_test
ibex_35,37.980515597565564,49.26711485163885,0.992488415318533,165.65064428627446,179.85519116361,0.782294832467393
