Dataset,MAE_val,RMSE_val,R2_val,MAE_test,RMSE_test,R2_test
ibex_35,65.03404450675772,97.93625661367655,0.9689521262154857,266.43278245171985,351.46325519767055,0.17326624346982822
