Dataset,MAE_val,RMSE_val,R2_val,MAE_test,RMSE_test,R2_test
amazon,0.6377598683790692,0.6528064259620561,0.9981390831542958,1.5236556323684334,4.146340804957492,0.9882421187379786
