Dataset,MAE_val,RMSE_val,R2_val,MAE_test,RMSE_test,R2_test
amazon,0.45717150408051294,0.6187828079665476,0.9989111639822053,1.569657665066097,2.225078802643704,0.9859584353066944
