Dataset,MAE_LSTM,RMSE_LSTM,R2_LSTM
Euro_Stoxx_50_Stock_Price_output,51.08073310319768,64.93714344866348,0.7724679015459718
