Model,RMSE_test,MAE_test,R2_test
RandomForest_Reducit,4533.064696925992,3887.6871443026034,-2.7771082326969534
