Model,RMSE_test,MAE_test,R2_test
RandomForest_Reducit,20548675.546516743,3887.6871443026034,-2.7771082326969534
