Model,RMSE_test,MAE_test,R2_test
RandomForest_Complet,21188719.737925872,3971.8437325237524,-2.894756505413542
