Model,RMSE_test,MAE_test,R2_test
RandomForest_Complet,4603.12065211481,3971.8437325237524,-2.894756505413542
