Dataset,MAE_LSTM,RMSE_LSTM,R2_LSTM
Hang_Seng_Stock_Price_output,348.22607421875,482.8291642529206,0.891345592557585
