Dataset,MAE_LSTM,RMSE_LSTM,R2_LSTM,MAE_HYBRID,RMSE_HYBRID,R2_HYBRID
Hang_Seng_Stock_Price_output,341.6728195440574,490.86757959827094,0.885444611290842,207.88540599385246,312.87800383935195,0.9534588736681929
