Dataset,MAE,RMSE,R2
S&P500_Stock_Price_output,71.10803245907739,90.28942322393932,0.8302533792791729
