Dataset,MAE_HYBRID,RMSE_HYBRID,R2_HYBRID
Hang_Seng_Stock_Price_output,313.52557963709677,443.18598208291843,0.9084554722735838
