Model,RMSE,MAE,R2
Ridge_Validation,905.5939371553643,660.2370614177797,0.7908576047006062
