Model,RMSE,MAE,R2
Ridge_Test,1012.023187104301,777.7638489991272,0.6015596455021408
