Model,RMSE,MAE,R2
Ridge_Validation,890.7481215496535,641.2230948694482,0.8008143700249467
