Model,RMSE,MAE,R2
Ridge_Test,1006.9877028009493,777.6753723889834,0.601409169137878
