Dataset,MAE_HYBRID,RMSE_HYBRID,R2_HYBRID
S&P500_Stock_Price_output,99.71927145337305,116.68780220917853,0.7164835254593973
