Dataset,MAE_LSTM,RMSE_LSTM,R2_LSTM
S&P500_Stock_Price_output,71.10803245907739,90.28942322393932,0.8302533792791729
