Dataset,MAE_val,RMSE_val,R2_val,MAE_test,RMSE_test,R2_test
google,0.5929113002636551,0.6785682833954902,0.991093461059769,1.787751629913459,5.016894436223766,0.9661185502123032
