Dataset,MAE_val,RMSE_val,R2_val,MAE_test,RMSE_test,R2_test
google,0.37649739052068437,0.46687690359069484,0.9969711990883156,2.1135443411297987,2.649510603085311,0.9526750798719814
