Dataset,MAE_val,RMSE_val,R2_val,MAE_test,RMSE_test,R2_test
google,0.5929113002636551,0.8237525619963134,0.991093461059769,1.787751629913459,2.239842502548732,0.9661185502123032
