Model,RMSE_test,MAE_test,R2_test
RandomForest_Reducit,457607.1621054653,505.1915032585007,-0.4249564068094731
