Model,RMSE_test,MAE_test,R2_test
RandomForest_Complet,467763.66033571586,512.5704525824963,-0.4565830254955876
