Model,RMSE_test,MAE_test,R2_test
RandomForest_Complet,683.9324969145098,512.5704525824963,-0.4565830254955876
