Model,RMSE_test,MAE_test,R2_test
RandomForest_Reducit,676.4666747929755,505.1915032585007,-0.4249564068094731
