Dataset,MAE_val,RMSE_val,R2_val,MAE_test,RMSE_test,R2_test
indra,264.10313593479253,156933.33455919195,0.959717612036449,646.2222664967719,625524.711205452,0.7528536651792481
