Model,MSE,MAE,R2
Ridge_Test,18205.819385501527,109.38533516105609,-0.21690684767793011
