Model,MSE,MAE,R2
Ridge_Validation,15266.936939199051,103.86522437313627,0.8432752746893741
