Model,RMSE,MAE,R2
Ridge_Test,134.92894198614886,109.38533516105609,-0.21690684767793011
