Dataset,MAE_val,RMSE_val,R2_val,MAE_test,RMSE_test,R2_test
p&g,0.22750992923128305,0.3011285906516732,0.9966530637569588,0.3889824640457466,0.46650712481753176,0.9878650193512061
