Dataset,MAE_val,RMSE_val,R2_val,MAE_test,RMSE_test,R2_test
p&g,0.36569192764281955,0.4797323757559133,0.9918312150178658,0.6599020990977277,0.8204342531168664,0.9619282916422391
