Model,RMSE_test,MAE_test,R2_test
RandomForest_Reducit,167.33561504861908,128.75935799755274,0.9873153419778476
