Model,RMSE_test,MAE_test,R2_test
RandomForest_Complet,204.1384972290506,151.2366468195436,0.9811221808475965
