Model,RMSE_test,MAE_test,R2_test
RandomForest_Complet,41672.52605093511,151.2366468195436,0.9811221808475965
