Model,RMSE,MAE,R2
Ridge_Validation,693.8367646326959,544.9218134334644,0.5395528717562674
