Model,RMSE,MAE,R2
Ridge_Test,1204.0293602765794,813.4717211301873,0.2192366524575955
