Model,RMSE,MAE,R2
Ridge_Validation,124.69444346650639,104.33210103358216,0.8444629360499026
