Model,RMSE,MAE,R2
Ridge_Test,133.4772155715954,108.11620774746022,-0.1791351904507068
