Model,MSE,MAE,R2
Ridge_Validation,160856.15859549842,316.67020870883226,0.500176993852203
