Model,MSE,MAE,R2
Ridge_Test,219398.04064908676,402.39976268023526,-0.47657505661521404
